{
  "2025-08-13 22:22:40": {
    "ticker": [
      "XLK",
      "XLF",
      "XLY",
      "XLC",
      "SPY"
    ],
    "vector": [
      9.0,
      17.0,
      3.0,
      6.0,
      7.0
    ],
    "spot": [
      269.19000244140625,
      52.849998474121094,
      228.9199981689453,
      110.97000122070312,
      645.4498901367188
    ],
    "straddle_price": [
      11565.0,
      3230.0,
      3075.0,
      1529.9999999999998,
      14091.0
    ],
    "dispersion_spread_cost": 78763.0,
    "iv": [
      0.18491415679931641,
      0.1391687646484375,
      0.17292086853027347,
      0.07520456054687501,
      0.12146874633789063
    ],
    "iv_spread": 4.149805154724121
  }
}